Num proyecto,Nombre del Proyecto,Token,Libro blanco tecnico,Codigo abierto,Sitio web,Twitter,Telegram/Discord/Reddit,MKT Puntaje,MKT Escala,Rating,Precio,Cantidad ofrecida ,Total token emitidos,% Distrib.,% Team,% Community   (MKT),Cantidad Vendida/Recaudada,Hard cap,% cumplimiento de obj,Cumple al objetivo,Apertura,Cierre,Duracion,Tipo de token,Blockchain,Categoria,Continua cotizando el token?,Blockchain reducido,Categoria reducido
1,BitTorrent,BTT,SI LBT,SI CA,SI SW,SI TW,SI TDR,45,M Alto,R Alto,0.00012,168300000000,990000000000,17.00%,19.00%,4.00%,7200000,"7,200,000.00",100.00%,SI CUMPLE,28/1/2019,28/1/2019,0,U,TRON,Plataforma,SI,Otras,Plataforma
2,Wink,WIN,SI LBT,SI CA,SI SW,SI TW,SI TDR,30,M Medio,R Alto,0.00012,199800000000,999000000000,20.00%,,,16000000,"16,000,000.00",100.00%,SI CUMPLE,30/7/2019,31/7/2019,1,U,BSC,Juegos,SI,Otras,Juegos
3,Star Atlas,ATLAS,SI LBT,SI CA,SI SW,SI TW,SI TDR,30,M Medio,R Alto,0.00380,720000000,36000000000,2.00%,5.00%,,1000000,"1,000,000.00",100.00%,SI CUMPLE,29/8/2021,2/9/2021,4,U,Solana,Juegos,SI,Otras,Juegos
4,TOP Network,TOP,SI LBT,SI CA,SI SW,SI TW,SI TDR,30,M Medio,R Alto,0.00177,4400000000,20000000000,22.00%,,,15000000,"15,000,000.00",100.00%,SI CUMPLE,26/3/2019,26/3/2019,0,U,ETH,Blockchain,SI,ETH,Blockchain
5,Gearbox Protocol,GEAR,SI LBT,SI CA,SI SW,SI TW,SI TDR,30,M Medio,R Muy Alto,0.01440,500000000,10000000000,5.00%,,,,,,,16/12/2021,17/12/2021,1,G,ETH,Protocolo,NO,ETH,Otras
6,BENQI,QI,SI LBT,SI CA,SI SW,SI TW,SI TDR,60,M Alto,R Alto,0.00900,504000000,7200000000,25.00%,10.00%,50.00%,10000000,"4,536,000.00",220.00%,SI CUMPLE,15/4/2021,27/4/2021,12,U,ETH,Protocolo,SI,ETH,Otras
7,Matic Network,MATIC,SI LBT,SI CA,SI SW,SI TW,SI TDR,45,M Alto,R Muy Alto,0.00263,3230000000,10000000000,32.30%,,10.00%,5600000,"5,600,000.00",100.00%,SI CUMPLE,25/4/2019,26/4/2019,1,U,ETH,Blockchain,NO,ETH,Blockchain
8,Lumerin,LUMERIN,SI LBT,NO CA,SI SW,SI TW,SI TDR,50,M Alto,R Alto,0.45000,90000000,1000000000,9.00%,25.00%,18.00%,15000000,"60,000,000.00",25.00%,NO CUMPLE,1/12/2021,8/12/2021,7,U,ETH,Plataforma,NO,ETH,Plataforma
9,Harmony,ONE,SI LBT,SI CA,SI SW,SI TW,SI TDR,45,M Alto,R Muy Alto,0.00318,2520000000,12600000000,20.00%,,5.00%,23000000,"23,000,000.00",100.00%,SI CUMPLE,26/5/2019,27/5/2019,1,U,ONE,Blockchain,SI,Otras,Blockchain
10,GuildFi,GF,SI LBT,SI CA,SI SW,SI TW,SI TDR,30,M Medio,R Alto,,39390000,984750000,4.00%,,,6000000,,,,1/12/2021,4/12/2021,3,U,ETH,Juegos,SI,ETH,Juegos
11,Convergence,CONV,SI LBT,SI CA,SI SW,SI TW,SI TDR,60,M Alto,R Alto,0.00500,1500000000,10000000000,15.00%,10.00%,50.00%,2300000,"2,300,000.00",100.00%,SI CUMPLE,25/3/2021,25/3/2021,0,U,ETH,Finanzas,SI,ETH,Finanzas
12,Mines Of Dalarnia,DAR,SI LBT,SI CA,SI SW,SI TW,SI TDR,30,M Medio,R Muy Alto,0.02300,123000000,800000000,15.40%,,,2700000,,,,29/10/2021,27/11/2021,29,U,ETH,Juegos,SI,ETH,Juegos
13,DREP,DREP,SI LBT,SI CA,SI SW,SI TW,SI TDR,60,M Alto,R Alto,0.00510,3000000000,10000000000,30.00%,15.00%,55.00%,22800000,"22,800,000.00",100.00%,SI CUMPLE,25/4/2019,25/4/2019,0,U,ETH,Blockchain,SI,ETH,Blockchain
14,CNNS,CNNS,SI LBT,SI CA,SI SW,NO TW,SI TDR,50,M Alto,R Alto,0.00600,600000000,10000000000,20.00%,10.00%,50.00%,24600000,"24,600,000.00",100.00%,SI CUMPLE,22/4/2019,22/4/2019,0,U,ETH,Blockchain,SI,ETH,Blockchain
15,Lithium,LITH,SI LBT,SI CA,SI SW,SI TW,SI TDR,45,M Alto,R Alto,0.00600,2000000000,10000000000,19.80%,10.00%,10.00%,8100000,"8,100,000.00",100.00%,SI CUMPLE,5/8/2021,5/8/2021,0,U,ETH,Finanzas,SI,ETH,Finanzas
16,Celer Network,CELR,SI LBT,SI CA,SI SW,SI TW,SI TDR,30,M Medio,R Muy Alto,0.00660,3200000000,10000000000,32.00%,,,34000000,"34,000,000.00",100.00%,SI CUMPLE,19/3/2019,19/3/2019,0,U,ETH,Finanzas,SI,ETH,Finanzas
17,Egretia,EGT,SI LBT,SI CA,SI SW,SI TW,SI TDR,50,M Alto,R Alto,0.00840,3120000000,8000000000,39.00%,20.00%,14.00%,23650000,"23,650,000.00",100.00%,SI CUMPLE,26/5/2018,26/5/2018,0,U,ETH,Blockchain,SI,ETH,Blockchain
18,STP Network,STP,SI LBT,SI CA,SI SW,SI TW,SI TDR,30,M Medio,R Alto,0.01000,700000000,2000000000,35.00%,,,8010000,"8,010,000.00",100.00%,SI CUMPLE,11/6/2019,11/6/2019,0,U,ETH,Plataforma,SI,ETH,Plataforma
19,Thunder Token,TT,SI LBT,SI CA,SI SW,SI TW,SI TDR,45,M Alto,R Medio,0.01500,2500000000,10000000000,25.00%,,6.00%,50500000,"50,500,000.00",100.00%,SI CUMPLE,9/5/2019,9/5/2019,0,U,ETH,Finanzas,SI,ETH,Finanzas
20,Aurory,AURY,SI LBT,SI CA,SI SW,SI TW,SI TDR,45,M Alto,R Alto,13.53000,7000000,100000000,7.00%,15.00%,5.00%,108800000,"108,850,000.00",100.00%,NO CUMPLE,21/10/2021,24/10/2021,3,U,ETH,Juegos,SI,ETH,Juegos
21,Cartesi,CTSI,SI LBT,SI CA,SI SW,SI TW,SI TDR,45,M Alto,R Alto,0.15000,100000000,1000000000,10.00%,15.00%,2.00%,1500000,"1,500,000.00",100.00%,SI CUMPLE,20/4/2018,21/4/2018,1,U,ETH,Finanzas,SI,ETH,Finanzas
22,Selfkey,KEY,SI LBT,SI CA,SI SW,SI TW,SI TDR,50,M Alto,R Alto,0.15000,1980000000,6000000000,33.00%,16.50%,16.50%,21780000,"21,780,000.00",100.00%,SI CUMPLE,15/1/2018,1/2/2018,17,U,ETH,Plataforma,SI,ETH,Plataforma
23,Cardstack,CARD,SI LBT,SI CA,SI SW,SI TW,SI TDR,30,M Medio,R Medio,0.17000,2000000000,5000000000,40.00%,,,35000000,"35,000,000.00",100.00%,SI CUMPLE,31/5/2018,1/6/2018,1,U,ETH,Plataforma,SI,ETH,Plataforma
24,QuarkChain,QKC,SI LBT,SI CA,SI SW,SI TW,SI TDR,60,M Alto,R Muy Alto,0.18000,2000000000,10000000000,20.00%,15.00%,45.00%,20000000,"20,000,000.00",100.00%,SI CUMPLE,2/6/2018,3/6/2018,1,U,ETH,Blockchain,SI,ETH,Blockchain
25,Refereum,RFR,SI LBT,SI CA,SI SW,SI TW,SI TDR,45,M Alto,R Muy Alto,0.02000,2500000000,5000000000,50.00%,20.00%,10.00%,32250000,"32,250,000.00",100.00%,SI CUMPLE,,7/2/2018,,U,ETH,Juegos,SI,ETH,Juegos
26,Cere Network,CERE,SI LBT,SI CA,SI SW,SI TW,SI TDR,55,M Alto,R Alto,0.02400,21000000,6500000000,25.00%,2.80%,25.00%,37700000,"37,700,000.00",100.00%,SI CUMPLE,8/11/2021,8/11/2021,0,U,ETH,Plataforma,SI,ETH,Plataforma
27,BitDAO,BIT,SI LBT,SI CA,SI SW,SI TW,SI TDR,30,M Medio,R Alto,2.00000,200000000,10000000000,2.00%,,,632000000,,,,16/8/2021,17/8/2021,1,U,ETH,Blockchain,SI,ETH,Blockchain
28,Tidal Finance,TIDAL,SI LBT,NO CA,SI SW,SI TW,NO TDR,20,M Bajo,R Alto,0.02700,,20000000000,,,,2390000,"2,390,000.00",100.00%,SI CUMPLE,25/3/2021,28/3/2021,3,U,ETH,Plataforma,NO,ETH,Plataforma
29,Casper,CSPR,SI LBT,SI CA,SI SW,SI TW,SI TDR,50,M Alto,R Alto,0.03000,100000000,10000000000,39.70%,8.00%,16.00%,62900000,"62,900,000.00",100.00%,SI CUMPLE,30/3/2021,31/3/2021,1,U,CSPR,Blockchain,SI,Otras,Blockchain
30,Clearpool,CPOOL,SI LBT,SI CA,SI SW,SI TW,SI TDR,50,M Alto,R Alto,0.04000,5000000,1000000000,9.00%,15.00%,10.25%,3100000,"3,100,000.00",100.00%,SI CUMPLE,25/10/2021,26/10/2021,1,U,ETH,Plataforma,SI,ETH,Plataforma
31,REMME,REM,SI LBT,SI CA,SI SW,SI TW,SI TDR,50,M Alto,R Medio,0.04000,500000000,1000000000,5.00%,20.00%,20.00%,17540000,"17,540,000.00",100.00%,SI CUMPLE,13/2/2019,15/2/2019,2,U,ETH,Plataforma,SI,ETH,Plataforma
32,OpenSwap,OSWAP,SI LBT,SI CA,SI SW,SI TW,SI TDR,60,M Alto,R Alto,0.04000,15000000,1000000000,1.50%,13.00%,60.00%,1850000,"1,850,000.00",100.00%,SI CUMPLE,26/8/2021,31/8/2021,5,U,ETH,Plataforma,SI,ETH,Plataforma
33,Oiler Network,OIL,SI LBT,SI CA,SI SW,SI TW,SI TDR,30,M Medio,R Alto,2.93000,1775000,100000000,,,,5200000,,,,6/5/2021,8/5/2021,2,U,ETH,Protocolo,SI,ETH,Otras
34,Rate3Network,RTE,NO LBT,SI CA,SI SW,SI TW,SI TDR,45,M Alto,R Medio,0.04340,400000000,1000000000,40.00%,10.00%,5.00%,17500000,"17,500,000.00",100.00%,SI CUMPLE,,21/5/2018,,U,ETH,Plataforma,SI,ETH,Plataforma
35,EdenChain,EDN,SI LBT,SI CA,SI SW,SI TW,SI TDR,45,M Alto,R Alto,0.06000,400000000,1000000000,40.00%,18.00%,5.00%,24000000,"24,000,000.00",100.00%,SI CUMPLE,24/5/2018,25/5/2018,1,U,ETH,Blockchain,SI,ETH,Blockchain
36,Umee,UMEE,SI LBT,SI CA,SI SW,SI TW,SI TDR,60,M Alto,R Alto,0.07000,500000000,10000000000,5.00%,25.00%,46.00%,38300000,"38,300,000.00",100.00%,SI CUMPLE,1/12/2021,8/12/2021,7,U,ETH,Plataforma,NO,ETH,Plataforma
37,Fei Protocol,TRIBE,SI LBT,SI CA,SI SW,SI TW,SI TDR,30,M Medio,R Alto,,250000000,1000000000,25.00%,13.00%,,1681160000,,,,31/3/2021,3/4/2021,3,U,ETH,Otras,SI,ETH,Otras
38,IoTeX,IOTX,SI LBT,SI CA,SI SW,SI TW,SI TDR,30,M Medio,R Alto,0.07743,2400000000,10000000000,24.00%,,,14030000,"14,030,000.00",100.00%,SI CUMPLE,14/1/2018,14/2/2018,31,U,ETH,Blockchain,SI,ETH,Blockchain
39,Perlin,PERL,SI LBT,SI CA,SI SW,SI TW,SI TDR,30,M Medio,R Alto,0.07743,580968360,1033200000,56.23%,,,6700000,"6,700,000.00",100.00%,SI CUMPLE,24/8/2019,25/8/2019,1,U,ETH,Finanzas,NO,ETH,Finanzas
40,Swash,SWASH,SI LBT,SI CA,SI SW,SI TW,SI TDR,50,M Alto,R Medio,0.09000,54000000,1000000000,5.40%,15.00%,14.00%,12000000,"12,000,000.00",100.00%,SI CUMPLE,28/10/2021,30/10/2021,2,U,ETH,Plataforma,SI,ETH,Plataforma
41,IoTeX,IOTX,SI LBT,SI CA,SI SW,SI TW,SI TDR,30,M Medio,R Medio,0.01000,2400000000,10000000000,24.00%,,,14030000,,,,,14/2/2018,,U,ETH,Blockchain,SI,ETH,Blockchain
42,FundRequest,FND,SI LBT,SI CA,SI SW,SI TW,SI TDR,45,M Alto,R Medio,0.48120,39444586,98611464,40.00%,18.00%,2.00%,12120000,"15,000,000.00",81.00%,NO CUMPLE,12/2/2018,14/2/2018,2,U,ETH,Blockchain,SI,ETH,Blockchain
43,GBX,RKT,NO LBT,NO CA,NO SW,NO TW,NO TDR,20,M Bajo,R Medio,0.10000,318600000,900000000,35.40%,13.70%,10.50%,27000000,"27,000,000.00",100.00%,SI CUMPLE,7/2/2018,9/2/2018,2,U,ETH,Plataforma,NO,ETH,Plataforma
44,Guild of Guardians,GOG,SI LBT,SI CA,SI SW,SI TW,SI TDR,55,M Alto,R Muy Alto,0.10000,60000000,1000000000,6.00%,20.00%,28.00%,5500000,"5,500,000.00",100.00%,SI CUMPLE,10/11/2021,17/11/2021,7,U,ETH,Juegos,SI,ETH,Juegos
45,InsurePal,IPL,SI LBT,SI CA,SI SW,SI TW,SI TDR,45,M Alto,R Medio,0.10000,201000000,300000000,67.00%,10.00%,6.00%,18000000,"18,000,000.00",100.00%,SI CUMPLE,16/1/2018,5/2/2018,20,U,ETH,Plataforma,SI,ETH,Plataforma
46,Lition,LIT,SI LBT,SI CA,SI SW,NO TW,SI TDR,35,M Medio,R Medio,0.10000,56550000,145000000,39.00%,11.00%,8.00%,4900000,"4,900,000.00",100.00%,SI CUMPLE,18/3/2019,25/3/2019,7,U,ETH,Blockchain,SI,ETH,Blockchain
47,Zeepin,ZTP,SI LBT,SI CA,SI SW,SI TW,SI TDR,30,M Medio,R Alto,0.12440,500000000,1000000000,50.00%,,,62580000,"62,580,000.00",100.00%,SI CUMPLE,18/1/2019,29/1/2019,11,U,NEO,Plataforma,SI,Otras,Plataforma
48,WePower,WPR,NO LBT,NO CA,SI SW,SI TW,SI TDR,50,M Alto,R Alto,0.12500,335881353,746403007,45.00%,20.00%,15.00%,40000000,"40,000,000.00",100.00%,SI CUMPLE,25/1/2018,1/2/2018,7,U,ETH,Otras,SI,ETH,Otras
49,Immutable X,IMX,SI LBT,SI CA,SI SW,SI TW,SI TDR,60,M Alto,R Muy Alto,0.15000,100000000,2000000000,5.00%,4.00%,51.74%,13000000,"13,000,000.00",100.00%,SI CUMPLE,8/9/2021,15/9/2021,7,U,ETH,Finanzas,SI,ETH,Finanzas
50,Insights Network,INSTAR,SI LBT,NO CA,SI SW,NO TW,SI TDR,45,M Alto,R Medio,0.16000,105000000,300000000,35.00%,30.00%,30.00%,17380000,"17,380,000.00",100.00%,SI CUMPLE,5/2/2018,9/2/2018,4,U,ETH,Plataforma,SI,ETH,Plataforma
51,Republic Protocol,REN,SI LBT,NO CA,NO SW,NO TW,SI TDR,10,M Bajo,R Medio,0.05680,602000000,1000000000,60.20%,,,34300000,"34,400,000.00",100.00%,NO CUMPLE,3/2/2018,3/2/2018,0,U,ETH,Finanzas,NO,ETH,Finanzas
52,Dether,DTH,SI LBT,SI CA,SI SW,SI TW,SI TDR,45,M Alto,R Medio,0.19890,66000000,100000000,66.00%,18.00%,3.00%,13440000,"13,440,000.00",100.00%,SI CUMPLE,7/2/2018,9/2/2018,2,U,ETH,Otras,SI,ETH,Otras
53,Clover,CLV,SI LBT,SI CA,SI SW,SI TW,SI TDR,60,M Alto,R Alto,0.20000,150000000,1000000000,17.50%,15.00%,49.00%,57400000,"57,400,000.00",100.00%,SI CUMPLE,4/5/2021,4/5/2021,0,U,POLKADOT,Finanzas,SI,Otras,Finanzas
54,Efinity,EFI,SI LBT,SI CA,SI SW,SI TW,SI TDR,60,M Alto,R Alto,0.20000,100000000,2000000000,5.00%,10.00%,35.00%,38900000,"38,900,000.00",100.00%,SI CUMPLE,24/6/2021,25/6/2021,1,U,ETH,Plataforma,SI,ETH,Plataforma
55,Voxies Tactics,VOXEL,SI LBT,NO CA,SI SW,SI TW,SI TDR,45,M Alto,R Alto,0.20000,30000000,300000000,15.00%,,4.00%,6000000,"6,000,000.00",100.00%,SI CUMPLE,7/12/2021,14/12/2021,7,U,ETH,Juegos,SI,ETH,Juegos
56,Phantasma Chain,SOUL,SI LBT,SI CA,SI SW,SI TW,SI TDR,50,M Alto,R Muy Alto,0.23000,,100000000,65.00%,20.00%,15.00%,9650000,"9,650,000.00",100.00%,SI CUMPLE,27/5/2018,28/5/2018,1,U,ETH,Blockchain,SI,ETH,Blockchain
57,Current,CRNC,SI LBT,NO CA,NO SW,NO TW,SI TDR,25,M Medio,R Medio,0.24000,350000000,1000000000,35.00%,12.00%,10.00%,36000000,"36,000,000.00",100.00%,SI CUMPLE,14/3/2018,4/4/2018,21,U,ETH,Otras,NO,ETH,Otras
58,Mina Protocol,MINA,SI LBT,SI CA,SI SW,SI TW,SI TDR,60,M Alto,R Muy Alto,0.25000,75000000,,7.50%,20.50%,34.80%,48150000,"48,150,000.00",100.00%,SI CUMPLE,13/3/2021,13/3/2021,0,U,MINA,Finanzas,SI,Otras,Finanzas
59,Radicle,RAD,SI LBT,SI CA,SI SW,SI TW,SI TDR,45,M Alto,R Alto,15.40000,3750000,100000000,3.75%,19.00%,2.00%,24680000,,,,25/2/2021,27/2/2021,2,U,ETH,Plataforma,SI,ETH,Plataforma
60,HOPR,HOPR,SI LBT,SI CA,SI SW,SI TW,SI TDR,30,M Medio,R Muy Alto,0.05000,11050000,130000000,8.50%,18.50%,,10000000,,,,24/2/2021,27/2/2021,3,U,ETH,Protocolo,SI,ETH,Otras
61,The Bee Token,BEE,NO LBT,SI CA,SI SW,NO TW,NO TDR,35,M Medio,R Alto,0.25080,150000000,500000000,30.00%,15.00%,30.00%,15000000,"15,000,000.00",100.00%,SI CUMPLE,2/1/2018,19/1/2018,17,U,ETH,Otras,NO,ETH,Otras
62,Avocado Dao,AVG,SI LBT,SI CA,SI SW,SI TW,SI TDR,60,M Alto,,1.64330,39900000,1000000000,3.99%,27.75%,43.00%,27200,,,,26/12/2021,31/12/2021,5,U,ETH,Blockchain,SI,ETH,Blockchain
63,Alethea AI,ALI,SI LBT,SI CA,SI SW,SI TW,SI TDR,45,M Alto,,0.06590,30000000,1000000000,3.00%,20.00%,10.00%,31100000,,,,28/12/2021,31/12/2021,3,U,ETH,Blockchain,NO,ETH,Blockchain
64,Abachi,ABI,SI LBT,SI CA,SI SW,SI TW,NO TDR,20,M Bajo,,20.00000,13000000,100000000,13.00%,2.80%,,3075000,"3,080,000.00",100.00%,NO CUMPLE,28/12/2021,31/12/2021,3,U,ETH,Plataforma,SI,ETH,Plataforma
65,World of Defish,WOD,SI LBT,SI CA,SI SW,SI TW,SI TDR,45,M Alto,,0.02600,100000000,1000000000,10.00%,14.00%,10.00%,500000,,,,10/12/2021,29/12/2021,19,U,ETH,Juegos,SI,ETH,Juegos
66,API3,API3,SI LBT,SI CA,SI SW,SI TW,SI TDR,45,M Alto,R Alto,0.30000,20000000,100000000,20.00%,35.00%,10.00%,23000000,,,,30/11/2020,4/12/2020,4,U,ETH,Blockchain,SI,ETH,Blockchain
67,UMA,UMA,SI LBT,SI CA,SI SW,SI TW,SI TDR,30,M Medio,R Medio,0.26000,2000000,100000000,2.00%,,,520000,"520,000.00",100.00%,SI CUMPLE,29/4/2020,29/4/2020,0,U,ETH,Finanzas,SI,ETH,Finanzas
68,Gelato,GEL,SI LBT,SI CA,SI SW,SI TW,SI TDR,60,M Alto,R Alto,0.29710,16827600,420690000,4.00%,15.00%,50.00%,16000000,"16,000,000.00",100.00%,SI CUMPLE,13/9/2021,16/9/2021,3,U,ETH,Plataforma,SI,ETH,Plataforma
69,Biconomy,BICO,SI LBT,SI CA,SI SW,SI TW,SI TDR,60,M Alto,R Muy Alto,0.30000,50000000,1000000000,5.00%,22.00%,38.62%,21100000,"21,100,000.00",100.00%,SI CUMPLE,1/12/2021,1/12/2021,0,U,ETH,Plataforma,SI,ETH,Plataforma
70,Sifchain Finance,EROWAN,SI LBT,SI CA,SI SW,SI TW,SI TDR,55,M Alto,R Medio,0.30000,70000000,1000000000,7.00%,10.00%,26.50%,26000000,"26,000,000.00",100.00%,SI CUMPLE,19/2/2021,26/2/2021,7,U,ETH,Plataforma,SI,ETH,Plataforma
71,Omnitude,ECOM,NO LBT,SI CA,NO SW,SI TW,SI TDR,20,M Bajo,R Medio,0.46000,55000000,100000000,55.00%,12.00%,,7500000,"25,000,000.00",30.00%,NO CUMPLE,28/3/2018,31/5/2018,64,U,ETH,Blockchain,SI,ETH,Blockchain
72,Divergence,DIVER,SI LBT,SI CA,SI SW,SI TW,SI TDR,60,M Alto,R Alto,0.32000,30000000,1000000000,17.00%,20.00%,34.00%,6600000,"6,600,000.00",100.00%,SI CUMPLE,20/9/2021,21/9/2021,1,U,ETH,Plataforma,SI,ETH,Plataforma
73,EximChain,EXC,NO LBT,NO CA,NO SW,NO TW,NO TDR,15,M Bajo,R Medio,0.33000,60000000,150000000,40.00%,20.00%,10.00%,20000000,"20,000,000.00",100.00%,SI CUMPLE,,12/2/2018,,U,ETH,Plataforma,NO,ETH,Plataforma
74,Sentinel Protocol,UPP,NO LBT,SI CA,SI SW,SI TW,SI TDR,50,M Alto,R Alto,0.11680,150000000,500000000,30.00%,15.00%,15.00%,27700000,"27,680,000.00",100.00%,SI CUMPLE,27/5/2018,27/5/2018,0,U,ETH,Otras,SI,ETH,Otras
75,Gods Unchained,GODS,SI LBT,SI CA,SI SW,SI TW,SI TDR,55,M Alto,R Muy Alto,0.33600,35000000,200000000,7.00%,6.50%,27.50%,25320000,"25,320,000.00",100.00%,SI CUMPLE,13/10/2021,20/10/2021,7,U,ETH,Juegos,SI,ETH,Juegos
76,MonoX,MONO,SI LBT,SI CA,SI SW,SI TW,SI TDR,45,M Alto,R Alto,0.40000,1000000,100000000,26.00%,11.00%,4.00%,5400000,"5,400,000.00",100.00%,SI CUMPLE,25/11/2021,25/11/2021,0,U,ETH,Plataforma,SI,ETH,Plataforma
77,OriginTrail,TRACE,SI LBT,SI CA,SI SW,SI TW,SI TDR,50,M Alto,R Medio,0.10000,250000000,500000000,50.00%,5.00%,15.00%,21150000,,,,15/1/2018,17/1/2018,2,U,ETH,Plataforma,SI,ETH,Plataforma
78,Konomi Network,KONO,SI LBT,SI CA,SI SW,SI TW,SI TDR,50,M Alto,R Alto,0.40000,20500000,100000000,20.50%,15.00%,18.00%,200000,"200,000.00",100.00%,SI CUMPLE,16/3/2021,16/3/2021,0,U,ETH,Plataforma,SI,ETH,Plataforma
79,Blocto,BLT,SI LBT,NO CA,SI SW,SI TW,SI TDR,50,M Alto,R Alto,0.40000,10000000,500000000,2.00%,14.00%,16.00%,1500000,"1,500,000.00",100.00%,SI CUMPLE,13/7/2021,15/7/2021,2,U,ETH,Blockchain,NO,ETH,Blockchain
80,pSTAKE,PSTAKE,SI LBT,SI CA,SI SW,SI TW,SI TDR,55,M Alto,R Alto,0.40000,25000000,500000000,5.00%,16.00%,26.00%,20000000,"20,000,000.00",100.00%,SI CUMPLE,16/12/2021,22/12/2021,6,G,ETH,Finanzas,NO,ETH,Finanzas
81,Thekey.vip,TKY,SI LBT,SI CA,SI SW,SI TW,SI TDR,45,M Alto,R Muy Alto,0.04070,5100000000,10000000000,51.00%,8.00%,3.00%,22000000,,,,1/2/2018,28/2/2018,27,U,NEO,Infraestructura,SI,Otras,Finanzas
82,Trinity,TNC,SI LBT,SI CA,SI SW,SI TW,SI TDR,30,M Medio,R Medio,0.06000,333300000,1000000000,33.33%,,,20000000,,,,15/1/2018,15/2/2018,31,U,NEO,Infraestructura,SI,Otras,Finanzas
83,Near Protocol,NEAR,SI LBT,SI CA,SI SW,SI TW,SI TDR,30,M Medio,R Alto,0.40000,,1000000000,,,,33630000,"33,630,000.00",100.00%,SI CUMPLE,12/8/2020,25/8/2020,13,U,BSC,Blockchain,SI,Otras,Blockchain
84,Qredo,QRDO,SI LBT,SI CA,SI SW,SI TW,SI TDR,50,M Alto,R Alto,0.50000,40000000,1000000000,11.22%,22.00%,11.00%,28250000,"28,250,000.00",100.00%,SI CUMPLE,8/7/2021,9/7/2021,1,U,ETH,Plataforma,SI,ETH,Plataforma
85,AidCoin,AID,SI LBT,SI CA,SI SW,SI TW,SI TDR,30,M Medio,R Alto,0.50000,30000000,100000000,30.00%,10.00%,,18630000,"18,630,000.00",100.00%,SI CUMPLE,16/1/2018,1/2/2018,16,U,ETH,Plataforma,SI,ETH,Plataforma
86,ArcBlock,ABT,SI LBT,SI CA,SI SW,SI TW,SI TDR,60,M Alto,R Alto,0.51440,83700000,186000000,45.00%,15.00%,32.00%,45000000,"45,000,000.00",100.00%,SI CUMPLE,3/2/2018,10/2/2018,7,U,ETH,Plataforma,SI,ETH,Plataforma
87,xDai,STAKE,SI LBT,SI CA,SI SW,SI TW,SI TDR,50,M Alto,R Medio,0.55000,392725,8537500,4.60%,4.00%,15.00%,220000,"220,000.00",100.00%,SI CUMPLE,27/4/2020,28/4/2020,1,U,ETH,Plataforma,SI,ETH,Plataforma
88,IRIS Network,IRIS,SI LBT,SI CA,SI SW,SI TW,SI TDR,60,M Alto,,0.08000,500000000,2000000000,25.00%,20.00%,45.00%,,,,,9/10/2018,9/3/2019,151,U,ETH,Infraestructura,SI,ETH,Finanzas
89,Centrifuge,CFG,SI LBT,SI CA,SI SW,SI TW,SI TDR,45,M Alto,R Alto,0.55000,42500000,425000000,9.50%,17.10%,9.50%,28100000,"28,100,000.00",100.00%,SI CUMPLE,26/5/2021,27/5/2021,1,U,ETH,Plataforma,SI,ETH,Plataforma
90,Ardana,DANA,SI LBT,SI CA,SI SW,SI TW,SI TDR,30,M Medio,R Alto,0.60000,1666666,,,,,11000000,"11,000,000.00",100.00%,SI CUMPLE,28/10/2021,5/11/2021,8,U,ADA,Plataforma,SI,Otras,Plataforma
91,Elixxir,XX,SI LBT,SI CA,SI SW,SI TW,SI TDR,45,M Alto,,0.36000,43000000,1000000000,4.30%,25.00%,5.00%,17700000,"23,000,000.00",77.00%,NO CUMPLE,22/1/2020,20/3/2020,58,U,ETH,Blockchain,SI,ETH,Blockchain
92,Blockstack,STX,SI LBT,SI CA,SI SW,SI TW,SI TDR,30,M Medio,R Alto,0.12000,270492920,1352464600,20.00%,,,80500000,"85,000,000.00",95.00%,NO CUMPLE,11/7/2019,8/9/2019,59,U,OWN BLOCKCHAIN,Plataforma,NO,Otras,Plataforma
93,Braintrust,BTRST,SI LBT,SI CA,SI SW,SI TW,SI TDR,60,M Alto,R Alto,0.99600,12500000,250000000,5.00%,,54.00%,12450000,"12,450,000.00",100.00%,SI CUMPLE,9/9/2021,17/9/2021,8,U,ETH,Plataforma,SI,ETH,Plataforma
94,Acala Network,ACA,SI LBT,NO CA,SI SW,SI TW,SI TDR,50,M Alto,R Alto,1.00000,70000000,1000000000,7.00%,20.25%,10.75%,92500000,"92,500,000.00",100.00%,SI CUMPLE,30/8/2021,5/9/2021,6,U,ETH,Plataforma,SI,ETH,Plataforma
95,Aurora,AURORA,SI LBT,SI CA,SI SW,SI TW,SI TDR,50,M Alto,R Muy Alto,1.00000,1000000,1000000000,27.00%,,20.00%,13000000,"13,000,000.00",100.00%,SI CUMPLE,5/11/2021,28/11/2021,23,U,ETH,Plataforma,SI,ETH,Plataforma
96,Algorand,ALGO,SI LBT,SI CA,SI SW,SI TW,SI TDR,45,M Alto,R Medio,2.40000,4000000000,10000000000,40.00%,,3.00%,122400000,"100,000,000.00",122.00%,SI CUMPLE,19/6/2019,19/6/2019,0,U,ALGO,Plataforma,SI,Otras,Plataforma
97,Fusion,FSN,SI LBT,SI CA,SI SW,SI TW,SI TDR,45,M Alto,R Medio,2.65000,20480000,81920000,25.00%,10.00%,10.00%,42190000,"42,190,000.00",100.00%,SI CUMPLE,1/2/2018,11/2/2018,10,U,ETH,Blockchain,SI,ETH,Blockchain
98,Kine,KINE,SI LBT,SI CA,SI SW,SI TW,SI TDR,60,M Alto,R Alto,4.00000,13000000,100000000,13.00%,20.00%,40.00%,7000000,"7,000,000.00",100.00%,SI CUMPLE,11/3/2021,13/3/2021,2,U,ETH,Finanzas,SI,ETH,Finanzas
99,Ocean Protocol,OCEAN,SI LBT,SI CA,SI SW,SI TW,SI TDR,45,M Alto,R Medio,0.12000,493500000,1410000000,35.00%,20.00%,5.00%,30650000,"31,600,000.00",97.00%,NO CUMPLE,30/4/2019,3/5/2019,3,U,ETH,Protocolo,SI,ETH,Otras
100,Vega Protocol,VEGA,SI LBT,SI CA,SI SW,SI TW,SI TDR,55,M Alto,R Alto,15.00000,4875000,64999723,7.50%,29.70%,26.30%,59750000,"59,750,000.00",100.00%,SI CUMPLE,2/6/2021,3/6/2021,1,U,ETH,Finanzas,SI,ETH,Finanzas
